  Ȳ(ȱ),,,,
,,,,
,,,,
,ȣ,ġ,  ,",浵"
,1,̵ ,7,"37.557806081786,126.939518253526"
,2,ȣ3 ,14,"37.3675147934434,126.958660752752"
,3,굿 ,7,"37.3763501291417,126.966221920091"
,4,б Ա,7,"37.3779604287528,126.965866221098"
,5,б,70,"37.3779604287528,126.965866221098"
,6,ȣб ,21,"37.378342936334086,126.95170980699635"
,7,ȣб ,14,"37.378342936334086,126.95170980699635"
,8,űб,49,"37.37911164620214,126.95925155789125"
,9,űб,48,"37.37911164620214,126.95925155789125"
,10,굿 Ⱦ糲ʱ ,14,"37.3798893553819,126.968511934098"
,11,굿  繫ҿ,21,"37.3799805227776,126.964031773927"
,12,ȣ2 ,10,"37.3806395554565,126.953274623753"
,13,űʵб ,10,"37.3816428962008,126.956968695775"
,14,ȣ赵,40,"37.3831268876355,126.950530176974"
,15,,24,"37.3847217826184,126.955262578451"
,16, ,40,"37.3849816534821,126.954594409203"
,17,ιʵб,8,"37.3865357506653,126.970221006522"
,18,̰б,42,"37.3865560701949,126.95474657796"
,19,޸ 켺 206 ,31,"37.3868788490349,126.969469843285"
,20,븲Ʈ  ,15,"37.3874726154782,126.966131563113"
,21,ʵб ,14,"37.3875215807593,126.953747780879"
,22,迪 6ⱸ(),15,"37.38919058480217,126.9500767596032"
,23,迪 5ⱸ,54,"37.38931681836449,126.95029122986637"
,24,øȽ,40,"37.3895593693986,126.952248598691"
,25,迪 4-1 ⱸ,70,"37.3895785470852,126.951329953573"
,26,迪 7ⱸ(),55,"37.3896678726411,126.949477947673"
,27,迪 3ⱸ,35,"37.38991212431813,126.95181531127632"
,28,迪 2ⱸ ,14,"37.39019145052765,126.95183771739109"
,29, ƿ ,56,"37.3902276522429,126.950481809665"
,30,迪 1ⱸ,7,"37.390344513674215,126.95156660023125"
,31,Ѽֿǽ,14,"37.3906604265495,126.955501161201"
,32,KB ,7,"37.3913761098586,126.952943410719"
,33,Ǵ ,17, Ⱦ ȱ Ǵ 295 1
,34,δ 8ⱸ,127, Ⱦ ȱ 絿 136-11
,35,δ 1ⱸ 1-2,12, Ⱦ ȱ 絿 145-9
,36,δ 1ⱸ 1-1,12, Ⱦ ȱ 絿 145-9
,37,δ 4ⱸ,8, Ⱦ ȱ 絿 1502-1
,38,δ 7ⱸ,26, Ⱦ ȱ 絿 1565
,39,δ 6ⱸ,14, Ⱦ ȱ 絿 1565
,40,δ 5ⱸ,33, Ⱦ ȱ 絿 1565
,41,δ 7ⱸ δ翷,16, Ⱦ ȱ 絿 1565
,42,δ 3ⱸ ,28, Ⱦ ȱ 絿 1581
,43,δ 3ⱸ ,56, Ⱦ ȱ 絿 1581
,44,̰ 繫,9, Ⱦ ȱ 絿 1589-2
,45,̿ 1ⱸ 1-2,20, Ⱦ ȱ 絿 1608-1
,46,̿ 1ⱸ 1-1,15, Ⱦ ȱ 絿 1608-1
,47,δ ,18, Ⱦ ȱ  215
,48,õ(δʱ),20, Ⱦ ȱ  311
,49,б,27, Ⱦ ȱ  127
,50,ʿ쳪 ,8, Ⱦ ȱ  138
,51,)Ϻ ,9, Ⱦ ȱ  175
,52,"ѽ, ȣ",6, Ⱦ ȱ  76
,53,Ʈ 104 ,20, Ⱦ ȱ 138 12
,54,ʵб ,13, Ⱦ ȱ 138 36
,55,ȵ ,4, Ⱦ ȱ 138 39
,56,ҿ ,7, Ⱦ ȱ 138 43
,57,̿ õ ,34, Ⱦ ȱ 170 43
,58,1 ,10, Ⱦ ȱ 358 46
,59,븲ġ ,14, Ⱦ ȱ η 247
,60,ʱ ,9, Ⱦ ȱ η 248
,61,ۼϾƮ ,10, Ⱦ ȱ ޾ȷ 153
,62,θʵб  ,20, Ⱦ ȱ ޾ȷ 161
,63,ѾAԱ,9, Ⱦ ȱ ޾ȷ 63 ѾƮ A
,64,޾ȵ ,7, Ⱦ ȱ ޾ȷ 65
,65,ü ,14, Ⱦ ȱ ޾ȷ 65
,66,θб ,7, Ⱦ ȱ ޾ȷ 95
,67,θб,44, Ⱦ ȱ ޾ȷ 95
,68,ȱû ο ,14, Ⱦ ȱ ȷ 158
,69,ȱû ο ,7, Ⱦ ȱ ȷ 158
,70,ȱû  Ա,14, Ⱦ ȱ ȷ 158
,71,Ѿ罺 Ա,17, Ⱦ ȱ ȷ 194 Ѿ罺Ÿ
,72,̽ø,17, Ⱦ ȱ ȷ 66 2
,73,̽ø,55, Ⱦ ȱ ȷ 66 2
,74,δ ,7, Ⱦ ȱ  190 1
,75,̿ ,10, Ⱦ ȱ θ 121
,76, ϳθƮ,10, Ⱦ ȱ θ169 30 1
,77,п ౸ ,7, Ⱦ ȱ 굿 1100
,78,BYC,14, Ⱦ ȱ ùδ 199
,79,ũŸ ü,14, Ⱦ ȱ ùδ 230
,80,ũŸ  B,60, Ⱦ ȱ ùδ 230
,81,ũŸ  A,65, Ⱦ ȱ ùδ 230
,82,Ⱦû ο ,14, Ⱦ ȱ ùδ 235
,83,Ⱦû ο ,28, Ⱦ ȱ ùδ 235
,84,Ⱦû Ա,14, Ⱦ ȱ ùδ 235
,85,Ⱦû ϼ ,7, Ⱦ ȱ ùδ 235
,86,Ⱦû ,107, Ⱦ ȱ ùδ 235
,87,ǽ,14, Ⱦ ȱ ùδ 266
,88,θ ϳ ,14, Ⱦ ȱ ùδ 286
,89,ѼּƮũ ,14, Ⱦ ȱ ùδ 297
,90,û ̰,9, Ⱦ ȱ ùδ  238
,91,û ̰,14, Ⱦ ȱ ùδ  238
,92,1 б ,70, Ⱦ ȱ ϵ 115
,93,Ʈĭ ,24, Ⱦ ȱ ̴ 239
,94,Ʈĭ Ա,44, Ⱦ ȱ ̴ 239
,95, ,10, Ⱦ ȱ ̴212 55
,96,"ȱû, Ǽ",14, Ⱦ ȱ ̴253 41
,97,ȱû ,30, Ⱦ ȱ ̴253 41
,98,̿ 3 ⱸ,20, Ⱦ ȱ ̵ 897-8
,99,̿ 4 ⱸ,32, Ⱦ ȱ ̵ 897-8
,100,ѰѾƮ ,28, Ⱦ ȱ Ƿ 120
,101,λ꺥Ĵ ,16, Ⱦ ȱ Ƿ 250
,102,ʵб Ա,14, Ⱦ ȱ Ƿ 86
,103,Ｚ񽺼 ,7, Ⱦ ȱ ȴ 398 Ｚ  3
,104,λ꺥Ĵ ,16, Ⱦ ȱ ȴ 415
,105,żȸ ,8, Ⱦ ȱ ȴ 500
,106,̵ ,8, Ⱦ ȱ ȴ456 21
,107,1 ,14,⵵ Ⱦ ȱ  12
,108,굿 ̸Ʈ ,35,⵵ Ⱦ ȱ Ǵ 104
,109,Ե  ,14,⵵ Ⱦ ȱ Ǵ 131
,110, ,7,⵵ Ⱦ ȱ Ǵ 181
,111,2 ,12,⵵ Ⱦ ȱ Ǵ106 70
,112,θ ,7,⵵ Ⱦ ȱ 絿 ޾ȷ 154
,113,̰ Ա,8,⵵ Ⱦ ȱ  149
,114,б ,14,⵵ Ⱦ ȱ ޾ȷ 25
,115,ﵿ ,7,⵵ Ⱦ ȱ ޾ȷ 28
,116,ʵб ,88,⵵ Ⱦ ȱ ޾ȷ 37
,117,ûҳð(),24,⵵ Ⱦ ȱ ȷ 155
,118,ûҳð(),64,⵵ Ⱦ ȱ ȷ 155
,119,3 ,7,⵵ Ⱦ ȱ Ű 1
,120,ſ뺸,7,⵵ Ⱦ ȱ θ  182
,121,п,9,⵵ Ⱦ ȱ 굿
,122,ȭ,10,⵵ Ⱦ ȱ 굿 1104-2
,123,KTȾ ,10,⵵ Ⱦ ȱ 굿 1110-2
,124,3  ,8,⵵ Ⱦ ȱ ùδ 196
,125, ̸Ʈ Ա,30,⵵ Ⱦ ȱ ùδ 300
,126, ̸Ʈ ,30,⵵ Ⱦ ȱ ùδ 300
,127, ̸Ʈ ,30,⵵ Ⱦ ȱ ùδ 300
,128, ̸Ʈ ,150,⵵ Ⱦ ȱ ùδ 300
,129,տ峻 ,49,⵵ Ⱦ ȱ ̴ 389
,130,տ  ,7,⵵ Ⱦ ȱ ̴ 389
,131,Ⱦտ ,224,⵵ Ⱦ ȱ ̴ 389
,132,̿  м,7,⵵ Ⱦ ȱ ̵ 895
,133, ,24,⵵ Ⱦ ȱ Ƿ 186
,,,,
,,,,
,,,,
,,,,
,134,п  (޾ȵ),14,
,135,п ȭ (޾ȵ),9,
,136,ŸŸ (θ),20,
,137,߾Ӱ Ա(ȵ),10,
,138,߾Ӱ  (ȵ),14,
;,139,Ȱб (ȵ),10,
,140,εп,12,
,141,丮 (ȣ3),14,
,142,翷 ̰ 25ȣ(굿),14,
,143,̵ п-1,48,
,144,̵ п-2,54,
,145,̰ 15ȣ(̵),8,
,146,굿 Ͻɱȸ ̰ 23ȣ,9,
  Ȳ(ȱ),,,,,,
,,,,,,
,ȣ,ġ,  ,  ,",浵",
,1,Ⱦ8 ,10,20,"37.3842224077947,126.932118585538",
,2,п 系,164,18,"37.3844604191546,126.935592791667",3
,3,ȺǼ,10,15,"37.38584021896604,126.93294933214003",
,4,ȱû,14,14,"37.3867040506883,126.93251043635",
,5,Ⱦ6 ,7,17,"37.3900565288283,126.930559487995",
,6,Ⱦ7 ,10,19,"37.3914477125588,126.933707720062",
,7,Ⱦ5 ;,7,13,"37.394283452412154,126.92088082624163",
,8, Ʒ,20,,"37.3961690598937,126.929034894824",
,9,δ,7,9,"37.3962542304242,126.91474872274",
,10,Ⱦ3 ,7,8,"37.39629745337103,126.91471253503555",
,11,Ⱦ4 ;,14,10,"37.3965159274691,126.917860885182",
,12,,14,11,"37.3982454939448,126.917294315061",
,13,޼,6,12,"37.398819130497074,126.92078344968743",
,14,Ⱦ1 ,14,3,"37.399144992907,126.925867569633",
,15,Ⱦ翪 1ⱸ (Ÿ),182,2,"37.4012585200043,126.922635373854",
,16,ڴ2 ,23,,"37.40192112620644,126.90462043895845",
,17,"Ⱦ翪 2,3ⱸ ",100,1,"37.40203367017861,126.92305246311903",
,18,ڴ޼Ұ( ),8,,"37.4029595687628,126.912202154977",
,19,2 ,10,,"37.40380248704808,126.89610201322597",
,20,ڴ  1 ,10,,"37.4044835821924,126.909607704252",
,21,Ⱦ2 -1,7,5,"37.4050972296597,126.917828929148",
,22,Ⱦ2 -2,7,6,"37.4050972296597,126.917828929148",
,23,б,282,7,"37.40864513870647,126.92000728939291",
,24,Ƶ ,7,,"37.40919888696359,126.89944926354089",
,25,Ⱦб,40,,"37.4092471178892,126.896864834132",
,26,ư ,7,,"37.410239850504965,126.90193513046522",
,27,,35,,"37.411551465062686,126.90269926560087",
,28,"ǿ 1ⱸ(1ȣ Ⱦ, )",29,23,"37.41850326323771,126.90890345300669",
,29,Ⱦ翹 ,48,,"37.41888066214044,126.91992862331382",
,30,"ǿ 2ⱸ(1ȣ ǳ, )",167,21,"37.418994020811176,126.90969024315683",
,31,ʵб ,51,,"37.4252684332075,126.902536906964",
,32, e-Ѽ 󰡾,20,,"37.4318435854398,126.904168953345",
,33,2 (ӽú),12,,"37.4336663059758,126.913838096581",
,34, 2ⱸ(ȱû ),192,,"37.43428371294846,126.90218398674432",
,35, 2ⱸ(),48,,"37.43428371294846,126.90218398674432",
,36, 2ⱸ( ),14,,"37.43428371294846,126.90218398674432",
,37,"ǿ 1ⱸ(1ȣ Ⱦ, )",25,24,"37.43435626958882,126.90276014509178",
,38, 1ⱸ ǳ  ,21,,"37.43435626958882,126.90276014509178",
,39, 1ⱸ ,30,,"37.43435626958882,126.90276014509178",
,40,1 ,14,22,"37.4358749414527,126.913434439468",
,,,,,,
,41,Ⱦ翪 Ÿ,112,4,,
,42,Ϻ ,7,,,
,43,п  ǳ( -û),8,,,
,44,п  ǳ( -),20,,,
,45,Ｚʵб ǳ(õ),21,,,
,46,︷κ ,10,,,
